{
  "id": "1659835",
  "name": "vue_element_shop_manage",
  "font_family": "iconfont",
  "css_prefix_text": "icon-",
  "description": "",
  "glyphs": [
    {
      "icon_id": "1312491",
      "name": "icon_user",
      "font_class": "icon_user",
      "unicode": "e642",
      "unicode_decimal": 58946
    },
    {
      "icon_id": "1727269",
      "name": "06商品",
      "font_class": "shangpin",
      "unicode": "e888",
      "unicode_decimal": 59528
    },
    {
      "icon_id": "1727362",
      "name": "25单据",
      "font_class": "danju",
      "unicode": "e89b",
      "unicode_decimal": 59547
    },
    {
      "icon_id": "1727367",
      "name": "28体积、空间",
      "font_class": "tijikongjian",
      "unicode": "e89f",
      "unicode_decimal": 59551
    },
    {
      "icon_id": "1727589",
      "name": "406报表",
      "font_class": "baobiao",
      "unicode": "e902",
      "unicode_decimal": 59650
    }
  ]
}
